{
  "id": "clockwork-bow-module",
  "title": "Clockwork Bow (Artificer)",
  "description": "Clockwork Bow + Wind-Up Mechanism for Foundry v13 + D&D5e 5.1.x. Includes Midi-QOL + Item Macro automation.",
  "version": "1.0.4",
  "authors": [
    {
      "name": "ChatGPT"
    }
  ],
  "compatibility": {
    "minimum": "13",
    "verified": "13"
  },
  "systems": [
    {
      "id": "dnd5e",
      "compatibility": {
        "minimum": "5.1.0"
      }
    }
  ],
  "packs": [
    {
      "label": "Clockwork Bow Items",
      "name": "clockwork-bow-items",
      "path": "packs/clockwork-bow-items.db",
      "type": "Item",
      "system": "dnd5e"
    }
  ]
}